医院,145
医生,93
政策,60
生育,54
小孩,53
办理,43
患者,40
计生办,37
独生子女,36
准生证,36
二胎,34
家庭,34
户口,33
检查,33
卫生院,32
K市,32
计划生育,32
计生,32
卫生局,31
A市,31
执业,31
孩子,30
病人,29
卫生室,28
二孩,28
手术,27
再婚,26
医疗,25
药品,24
卫生,23
主任,23
医师,23
条例,22
乡镇,22
老婆,22
超生,22
罚款,22
家属,21
证明,20
住院,19
地省,19
计委,19
治疗,17
费用,17
抚养费,17
夫妻,17
子女,17
行医,17
诊所,17
看病,16
门诊,16
报销,16
护士,16
上户,16
享受,16
工作,16
L市,15
社会,15
生二胎,15
楚雅,14
单独,14
医疗事故,13
医疗机构,13
独生子女证,13
妇幼保健,13
计生委,13
D市,12
落实,12
怀孕,12
非法,12
出台,12
奖励,12
退休,12
农村户口,12
上级领导,12
医改,11
出院,11
服务,11
公共卫生,11
中心医院,11
基层,11
给予,11
妻子,11
女儿,11
科室,11
疫苗,11
病情,11
E市,10
农村,10
结扎,10
抢救,10
医护人员,10
新生儿,10
告知,10
咨询,10
初婚,10
女方,10
两个,10
男方,10
第一胎,10
儿子,10
收费,10
严查,9
医保,9
违法,9
宝宝,9
医患,9
C市,9
申请,9
实施,9
中医,9
注册,9
医务人员,9
第二胎,9
人员,9
领取,9
鉴定,8
管理,8
补助,8
不知,8
出生证明,8
签字,8
医学,8
社区,8
结婚,8
合法,8
登记,8
符合,8
省份,8
主治医生,8
M市,8
许可证,8
村医,8
院方,8
投诉,8
接种,8
中医院,8
免费,8
附二,8
发放,8
上班,8
院长,8
手续,7
爱人,7
主管部门,7
男孩,7
盖章,7
开具,7
产假,7
征收,7
婚前,7
抚养,7
判给,7
就医,7
证件,7
人口,7
一胎,7
修正案,7
违反,7
挂号,7
药物,7
生命,7
CT,7
J市,7
导致,7
农合,6
网上,6
多钱,6
无证,6
前夫,6
标准,6
上访,6
B超,6
工作人员,6
待遇,6
取消,6
开药,6
提倡,6
病历,6
法院,6
说法,6
重视,6
药房,6
放开,6
医务,6
日起,6
结婚证,6
输液,6
再生,6
妇幼,6
承包,6
留言,6
每月,6
单位,6
农民,5
收取,5
救死扶伤,5
三甲,5
有没有,5
ICU,5
承担,5
上级,5
检验,5
记录,5
派出所,5
补办,5
问问,5
有个,5
提供,5
文件,5
离婚,5
晚婚晚育,5
出具,5
三胎,5
张健,5
试问,5
工资,5
领证,5
询问,5
此致,5
国务院,5
该院,5
私人,5
用药,5
耳鼻喉科,5
妇产科,5
个体,5
监督,5
体检,5
省市,5
此事,5
打工,5
药店,5
排队,5
职工,5
资料,5
公卫,5
嚣张,5
一孩,5
两孩,5
工作者,5
考试,5
离异,5
抢生,5
发文,5
事业单位,5
资格证,5
回家,4
春节,4
I市,4
考核,4
药都,4
一次性,4
本村,4
医技,4
为难,4
优惠政策,4
人民政府,4
前妻,4
年生,4
权益,4
举报,4
包庇,4
发贴,4
统一,4
县人,4
刁难,4
一级,4
受理,4
条件,4
术后,4
沟通,4
住院部,4
生育权,4
我院,4
一方,4
证书,4
诊断,4
床位,4
临床,4
予以,4
修订,4
儿童医院,4
拆迁,4
到位,4
解答,4
多久,4
公立医院,4
报名,4
疾控中心,4
补贴,4
保障,4
过期,4
出面,4
诊疗,4
防疫站,4
感染,4
南华,4
血常规,4
取缔,4
转院,4
审批,4
生二孩,4
未婚,4
算不算,4
齐全,4
儿童,4
爸爸,4
医务科,4
收据,4
元月,4
丈夫,4
各有,4
系统,4
一对,4
患儿,4
年轻,4
原因,4
第一,4
广告,4
医药卫生,4
体制改革,4
附一,4
医德,4
打针,4
责任,4
社区卫生,4
惠民,4
外省,4
助理,4
医药公司,4
就诊,4
交钱,4
月份,4
婚后,4
专业,4
流产,4
设置,4
老年人,4
治疗费,4
职业,4
F市,4
人大常委会,4
违背,3
审核,3
法规,3
理由,3
补发,3
现年,3
城镇,3
生活用品,3
住院手续,3
事后,3
骨伤科,3
康复,3
看病难,3
基层医院,3
检测,3
为谢,3
负责,3
那种,3
违规,3
处罚,3
困难,3
陪护,3
肺炎,3
剖腹产,3
平台,3
关注,3
政发,3
户籍地,3
办事,3
手术室,3
直系亲属,3
天理何在,3
说西,3
权力,3
七里,3
停办,3
微创,3
并发症,3
中南大学,3
心脏,3
稳定,3
调整,3
剥夺,3
医疗卫生,3
得不到,3
公平,3
所在地,3
明年,3
卫生厅,3
妇女,3
中西医,3
入院,3
媳妇,3
万元,3
提成,3
省卫,3
黑诊所,3
业务,3
省里,3
能生,3
预防,3
符合国家,3
回乡,3
查询,3
羊水,3
胎心,3
胎儿,3
心脏病,3
红十字,3
执照,3
公职人员,3
乱收,3
前提,3
群众路线,3
卫生系统,3
同事,3
做主,3
死者,3
法律,3
专干,3
推脱,3
G市,3
繁重,3
食品,3
食品药品,3
西医,3
病友,3
结扎手术,3
小孩子,3
公务员,3
单上,3
管理条例,3
不适,3
时许,3
乱收费,3
附属,3
做个,3
产品,3
价格,3
病危,3
头孢,3
利益,3
顺产,3
二类,3
几千元,3
开放,3
不好,3
我该,3
村干部,3
可怜,3
南院,3
查处,3
急诊,3
科长,3
加重,3
各乡镇,3
公道,3
权利,3
户籍,3
质量,3
塘村,3
危房,3
几百块,3
打电话,3
领了,3
奖励金,3
B市,3
执行,3
我儿,3
身份证,3
甲等医院,3
省卫健委,3
依法,3
法律法规,3
儿科,3
凶手,3
女孩,3
我妻,3
一个男孩,3
一线,3
集体经济,3
规范,3
四胎,3
城市户口,3
感冒,3
病患,3
保安,3
中共中央国务院,3
器械,3
非常感谢,3
死亡,3
中心,3
救护车,3
我带,3
过问,3
夫妇,3
第二个,3
詹鸣,3
二个,3
户口本,3
没迁,3
施行,3
生有,3
查房,3
长此以往,3
妇科,3
卫生事业,3
半年,3
基药,3
正式,3
改革,3
可不可以,3
出生证,3
值班,3
监测,3
积极响应,3
采购,3
村级,3
盼望,3
城乡居民,3
一项,3
医师资格,3
绝育手术,3
实行,3
同意,3
态度恶劣,3
医治,3
县级,3
六个月,3
欧阳,3
一个月,3
流程,3
拒绝,3
鼓励,3
岗位,3
婴儿,3
家长,3
急救,3
明确规定,3
保胎,3
事故,3
草案,3
第十三次,3
十二届,3
药监局,3
没降,2
挂号费,2
过年,2
挂个,2
哪一年,2
这几年来,2
山门,2
高额,2
变质,2
鉴定书,2
鉴定结论,2
独生子女户,2
我能,2
周岁,2
优惠,2
指标,2
哲磨,2
生心,2
痛心入骨,2
能治,2
经济负担,2
治病救人,2
增加收入,2
有生之年,2
猪肉,2
很浓,2
超市,2
工伤,2
报告单,2
营养,2
呼吸衰竭,2
乡里,2
恶语伤人,2
概不负责,2
日住,2
范江花,2
尿毒症,2
主持公道,2
生产,2
开门,2
发个,2
北院,2
护理,2
呼吸,2
拿到,2
送点,2
接生,2
窗口,2
....,2
.....,2
不负责任,2
两女,2
份额,2
一人,2
协议书,2
减免,2
二婚,2
请假,2
土政策,2
落户,2
远程,2
保存,2
困扰,2
青山,2
我乡,2
没发,2
肯请,2
滋生腐败,2
专科医院,2
病历本,2
养家糊口,2
补助金,2
一点点,2
人大,2
开会,2
广西,2
育有,2
县政府,2
奖金,2
评估,2
陈小春,2
腐败,2
阻扰,2
公民,2
双份,2
无果,2
办事处,2
村里,2
领到,2
伤口,2
支架,2
造影,2
两子,2
又生,2
一女,2
小儿子,2
市镇,2
隔壁,2
花费,2
不让,2
贫困户,2
夫妻俩,2
歧视,2
现行,2
和谐,2
明文规定,2
正确,2
发表,2
办法,2
我镇,2
看病贵,2
侗族,2
精神病,2
省内,2
联网,2
精神,2
中医药,2
专长,2
速度,2
知法犯法,2
冻结,2
年龄,2
造假,2
人事,2
需求,2
开单,2
注射液,2
人口老龄化,2
十米,2
小区,2
典型,2
维护,2
小儿,2
母婴,2
尚未可知,2
现行政策,2
没动静,2
女主人,2
叫停,2
最先,2
来得,2
表态,2
意外,2
困惑,2
提交,2
期望,2
产房,2
孕妇,2
产妇,2
宫口,2
复通,2
残疾,2
开心,2
着急,2
各大,2
丹参,2
胶囊,2
强烈要求,2
来个,2
改进,2
平民愤,2
红十字会,2
监督局,2
全面实施,2
严格遵守,2
急切,2
高级职称,2
瘫痪,2
直属,2
筛查,2
发给,2
结婚年龄,2
膝下,2
亲属,2
不人道,2
报复,2
强行,2
换证,2
办事效率,2
失职,2
身份,2
已育,2
未育,2
独子,2
广东,2
缴纳,2
网底,2
必破,2
同等待遇,2
主治医师,2
冷藏,2
经营,2
冷冻,2
第三章,2
中药,2
人才,2
专家,2
行经,2
H市,2
平等待遇,2
强制执行,2
推诿,2
采供血,2
房屋,2
李绍利,2
民族,2
梅毒,2
不当,2
医方,2
该所,2
要钱,2
乙肝疫苗,2
小事,2
物价局,2
免疫,2
仪器,2
定价,2
显示,2
处方,2
当事人,2
怎么弄,2
垦请,2
合理合法,2
防疫,2
优先,2
山区,2
民营,2
给与,2
药要,2
难到,2
自费,2
养父,2
打搅,2
死者家属,2
我俩,2
月生,2
好生,2
行政,2
登记处,2
交班,2
李春,2
私立,2
省厅,2
到期,2
打伤,2
过错,2
镇人,2
不予,2
制药,2
组合,2
安置,2
女户,2
千里迢迢,2
市政府,2
公家,2
无奈,2
期待,2
请张,2
处置,2
多岁,2
关怀,2
放宽,2
日晚,2
出租,2
井镇,2
督促,2
混乱,2
诱骗,2
肝病,2
留守,2
偏高,2
年西,2
材料,2
动脉,2
同意书,2
知情,2
穿刺,2
李医生,2
保卫科,2
生老病死,2
重男轻女,2
实在,2
陈书记,2
配偶,2
暴利,2
县里,2
违纪,2
开办,2
喉科,2
耳鼻咽,2
伪造,2
医药,2
赶集,2
私自,2
散伙,2
失误,2
管理混乱,2
关心,2
上学,2
福利待遇,2
组织,2
维权,2
期间,2
美容,2
失败,2
甲亢,2
下架,2
宣传,2
呼吸机,2
病房,2
购买,2
中医药大学,2
段时间,2
印塘,2
一死一伤,2
王燕谷,2
十来次,2
亲人,2
毕业,2
退休职工,2
正规,2
行医者,2
行政部门,2
积极性,2
县县,2
南华大学,2
何时能,2
招聘,2
兑现,2
现已,2
温暖,2
放在,2
踢皮球,2
环证,2
公章,2
假证,2
明明,2
三孩,2
生第,2
敬爱,2
市卫,2
查查,2
口病,2
住院楼,2
不胜感激,2
改成,2
制度,2
常用,2
消失,2
卫校,2
医院院长,2
事实,2
观察,2
参加,2
劳动合同,2
失独,2
扶助金,2
监护人,2
退休金,2
过度,2
欺骗性,2
专科,2
布衣,2
无助,2
刚生,2
国策,2
恐吓,2
东拼西凑,2
一张,2
名下,2
带走,2
双胞胎,2
入户,2
上岗,2
胎生,2
苦不堪言,2
合办,2
几项,2
总价,2
吸氧,2
套取,2
现有,2
减少,2
在外,2
监护室,2
打点滴,2
居委会,2
内科,2
恳求,2
出生率,2
具体办法,2
直辖市,2
自治区,2
第十八条,2
法定条件,2
结合实际,2
药费,2
石沉大海,2
人性化,2
流动人口,2
延长,2
无人,2
低保,2
多罚,2
学历,2
工龄,2
跪求,2
在线,2
注射,2
服务项目,2
板托村,2
托村,2
孕产妇,2
均等化,2
村支书,2
招牌,2
泛滥,2
抽烟,2
大厅,2
单子,2
刷卡,2
掏钱,2
抽点,2
婚育,2
干部,2
十几元,2
实惠,2
一百,2
晚育,2
月底,2
元月份,2
新政,2
报考,2
第三个,2
江镇,2
人满为患,2
办公室,2
已过,2
心寒,2
乡政府,2
山镇,2
投票,2
日到,2
子宫,2
再三,2
农村居民,2
人均,2
分数线,2
之日起,2
很差,2
民众,2
对象,2
文件精神,2
申领,2
为证,2
依规,2
帮帮,2
中央文件,2
晚婚,2
修改,2
省局,2
开通,2
车辆,2
产检,2
指定,2
端桥,2
只能,2
进修,2
交流,2
政策方针,2
西林,2
婚姻,2
抽血,2
全县,2
交给,2
招考,2
经费,2
职业道德,2
下基层,2
视频,2
主管,2
理解,2
回去,2
市中心,2
黑心,2
可否,2
收养,2
事项,2
第一个,2
宫缩,2
交代,2
急诊科,2
举报人,2
打牌,2
检查费,2
婴幼儿,2
主任医师,2
保住,2
三无,2
提高,2
不用,2
自行,2
电子化,2
查不到,2
符合规定,2
分组,2
四种,2
审议,2
方案,2
本次,2
上万元,2
菱角,2
中医科,2
打预防针,2
服务中心,2
公布,2
技术鉴定,1
复位,1
更要,1
固定,1
加外,1
关节,1
光s证,1
独女户,1
领不领,1
照,1
无所谓,1
转为,1
心想,1
反正,1
硫磺味,1
长株,1
肚痛,1
白板,1
消协,1
防止出现,1
异味,1
星期一,1
腹泻,1
余下,1
头晕,1
病死,1
中毒,1
执法,1
康复中心,1
正大,1
银针,1
扎针,1
胶片,1
透视,1
就医难,1
欺上瞒下,1
二是,1
缺医少药,1
突击性,1
二不误,1
医情,1
用活,1
艾滋病,1
血液,1
传播,1
传播方式,1
接吻,1
唾液,1
尿液,1
拥抱,1
准确,1
接触,1
省之于,1
手术费,1
飞云,1
李国兵,1
王姓,1
灌流,1
自付,1
血滤,1
金山,1
被迫,1
透析,1
小偷,1
额度,1
金子,1
偷空,1
或血滤,1
木村,1
真人,1
外嫁,1
合并,1
木冲村,1
鲁正华,1
火厂,1
鲁艳辉,1
冲村,1
杨志祥,1
分室,1
村霸,1
痛苦,1
疾病,1
没用,1
脆弱,1
浪费,1
续命,1
中不看,1
不效,1
照成,1
次院,1
被治成,1
回天之力,1
GMP,1
销售,1
企业,1
青天,1
报告书,1
检验室,1
县仁康堂,1
QA,1
QC,1
诺有,1
应论,1
可负,1
清水,1
桥龙,1
干人,1
干什么,1
投入,1
护工,1
管理中心,1
姜洁,1
产科,1
毫升,1
按铃,1
证后,1
迎丰,1
法和西,1
来卡,1
烦请,1
大户,1
免费发,1
正规渠道,1
不发,1
体谅,1
亲生,1
收获,1
想不到,1
南郭先生,1
教错,1
老师,1
能教人,1
错药,1
编职,1
老百始,1
充数,1
黑板,1
羞耻,1
不具,1
救人,1
改正,1
红星路,1
交流平台,1
圆满解决,1
接诊,1
女士,1
协调,1
结扎户,1
若干,1
优待,1
集体,1
分配,1
杨桥,1
那算,1
第三胎,1
写明,1
七八次,1
这证,1
那证,1
申请表,1
过不下去,1
吵架,1
一大堆,1
真心,1
假期,1
到时候,1
饿死,1
我省,1
不合理,1
如果说,1
做法,1
条子,1
响应,1
放宽政策,1
依法取缔,1
没权没势,1
见到,1
图像,1
监控,1
隐私,1
保密,1
强烈建议,1
马赛克,1
个人隐私,1
多边形,1
高清,1
摄像机,1
遮蔽,1
传输,1
病假条,1
发帖,1
开出,1
姜国清,1
有假,1
员工,1
内容,1
安平镇,1
一男二女,1
村支部,1
隐报,1
利用职权,1
小学校长,1
发一,1
打分,1
水乡,1
一千,1
冷藏柜,1
领导批示,1
五六百元,1
区响,1
只发,1
只算,1
性保健,1
莆田人,1
方泰,1
民运,1
长海,1
为民除害,1
男科,1
毒瘤,1
温床,1
泌尿,1
造福,1
诈骗,1
五洲,1
宁静,1
检查报告,1
推卸责任,1
大拇指,1
双脚,1
畸形,1
四肢,1
手指,1
提示,1
恶人先告状,1
毫无诚意,1
药柜,1
缝纫机,1
打击,1
门口,1
大道北,1
区楚,1
早元,1
为尔,1
迅达,1
店与鸿翔,1
门业,1
用换,1
女店主,1
隔壁邻居,1
正对面,1
门牌,1
门市,1
张厅,1
基本工资,1
反降,1
效绩,1
回音,1
慢性病,1
多谢,1
很难,1
前去,1
黄永达,1
刘丽芳,1
男童,1
南宁市,1
南宁,1
违规者,1
莲花,1
唐凤辉,1
白廊,1
东江,1
老农夫,1
瞎搞,1
市白廊,1
次类,1
区里,1
市里,1
案例,1
教科,1
康雅,1
说成,1
创口,1
隐瞒,1
血管,1
一群,1
谌馨,1
安放,1
贵院,1
心梗,1
堵塞,1
同步进行,1
大于,1
体内,1
程度,1
概率,1
非必要,1
支部,1
候选人,1
村原,1
书宁冬,1
村徐,1
存立,1
梅因,1
代代,1
大儿子,1
党支部,1
提名,1
来楚雅,1
先垫,1
第二十七条,1
看法,1
第二条,1
完善,1
屯堡,1
精神科,1
精神病人,1
根本宗旨,1
我县,1
符合卫生,1
地到,1
依全,1
设村,1
国家卫生部,1
一室,1
一村,1
更好,1
全国联网,1
医保卡,1
燃眉之急,1
外地,1
记得,1
医术,1
实施细则,1
管理局,1
确有,1
进度,1
带来,1
愈合,1
诚信,1
担误,1
一推了之,1
渗液,1
触决,1
误治,1
事不关己,1
三刀,1
挛缩,1
大学校园,1
明鉴,1
年考,1
印制,1
印发,1
条列,1
越权,1
损伤,1
马尾,1
大小便,1
神经,1
执法局,1
村主任,1
质量检查,1
医护,1
哪来,1
持续,1
派人查,1
甘棠,1
开鱼,1
拿回扣,1
一查,1
合作,1
报批,1
实施方案,1
交由,1
公报,1
喜大普奔,1
好西,1
迅速行动,1
省人大,1
新鑫,1
速查,1
居民,1
生命安全,1
巨龙,1
家园,1
大汉,1
能力,1
当选,1
竞聘,1
主任医生,1
龚卫平,1
制高,1
想留,1
三思而后行,1
搭进去,1
大有人在,1
极差,1
平庸,1
赤裸裸,1
系黄,1
航安,1
黄航安,1
法律责任,1
张建,1
依然,1
平方,1
三优,1
优生,1
先天,1
缺陷,1
防残,1
向氏,1
镜州,1
成果,1
发生率,1
遗传学,1
天才,1
孕育,1
验证,1
病因,1
宝贝,1
抽时间,1
回电,1
一栏,1
填写,1
务必,1
奖扶金,1
地往,1
可老,1
点钱,1
隔三岔五,1
于心不忍,1
期望值,1
满满的,1
打入,1
一次次,1
换来,1
折腾,1
怀着,1
失望,1
谢蓉,1
助产,1
剖宫产,1
一切正常,1
十二点,1
旷洁,1
张健先生,1
无人知晓,1
一连几天,1
遇上,1
不小,1
各方,1
中耳炎,1
这药,1
问小,1
甚要,1
总难,1
专科医生,1
消炎药,1
活血化瘀,1
县秀溪,1
证才,1
交了,1
绿水青山,1
州南,1
巫水,1
氧巴,1
发再,1
怡人,1
可畏,1
后花园,1
边陲,1
原始森林,1
矿物质,1
发源地,1
某人,1
复业,1
外出,1
从业,1
中断,1
体弱,1
身受,1
独霸,1
插队,1
熟人,1
无次序,1
点多钟,1
诊室,1
总说,1
带个,1
呼叫,1
号码,1
河镇,1
石狗,1
颜正华,1
颜犯,1
正华是,1
就贿,1
行为恶劣,1
谨请,1
党的纪律,1
赌资,1
数十万元,1
吃喝嫖赌,1
管区,1
弄虚作假,1
租给,1
无资格,1
医疗站,1
刘麻子,1
坐诊,1
租个,1
三多亭,1
社区服务,1
多好,1
明查,1
邓局,1
巧立名目,1
指导,1
家庭和睦,1
五中全会,1
网站,1
截止,1
明日,1
昏天黑地,1
网页,1
咋办,1
照相,1
唐氏,1
催人,1
查实,1
是否是,1
地区,1
健康证,1
预防性,1
体检费,1
具体做法,1
求证,1
踢足球,1
年满,1
本应,1
交涉,1
独有,1
各不相同,1
上报,1
博爱医院,1
头孢曲松,1
麻旭宗,1
药瓶,1
地塞米松,1
法律援助,1
政法委,1
调解,1
法理,1
之外,1
乡以,1
刘仕华,1
坐卡,1
荷关,1
假手,1
村村,1
蒙骗,1
检查人员,1
马上会,1
真象,1
各村,1
真话,1
江东,1
汇报,1
跟踪,1
黎运香,1
村委,1
执法违法,1
乡镇党委,1
汤家,1
护短,1
明察,1
积极分子,1
管不住,1
拘留,1
党委书记,1
媳属,1
已判,1
卫计局,1
承认,1
擦亮眼睛,1
敷衍,1
何种,1
弥补,1
二年,1
再育,1
过世,1
姐姐,1
招婿,1
亡妻,1
一两千块,1
先办,1
二孩比,1
日省楚,1
已生,1
女生,1
对村,1
休息时间,1
部份,1
差价,1
节假日,1
精英,1
技术水平,1
包装,1
核查,1
监督管理,1
总局,1
供应商,1
实体店,1
发货,1
变更,1
中医学,1
之害,1
现代医学,1
院校,1
疗效,1
乳腺,1
后继乏人,1
胸痹,1
中医理论,1
返聘,1
处理结果,1
钱财,1
妇幼医院,1
介绍,1
权威专家,1
个人行为,1
责成,1
检验科,1
雇凶,1
伪证,1
青光眼,1
伤害,1
张林,1
何佳慧,1
恨此,1
病不治,1
郑可扣,1
药不发,1
凶犯,1
故意伤害,1
县荔溪,1
生后,1
才行,1
当地政府,1
苗族,1
湖北省,1
五科,1
客服,1
院妇,1
押金,1
结算,1
开倒车,1
令人,1
名义,1
第四十六,1
单采,1
第四十四条,1
以本,1
承租,1
宫外孕,1
保健院,1
查不出,1
结论,1
常见,1
天院,1
时连,1
检了,1
白混,1
清理门户,1
添麻烦,1
混进,1
文凭,1
补片,1
病号服,1
疝气,1
难道真,1
不要脸,1
欺骗,1
被子,1
进口,1
两针,1
卡介苗,1
误打,1
缺说,1
撑腰,1
这样的话,1
第三天,1
第一天,1
安心,1
染色,1
罗氏,1
组织化学,1
核定,1
编码,1
全自动,1
机械,1
病重,1
通知书,1
忙中出错,1
医检,1
心里有底,1
正常值,1
一目了然,1
白细胞,1
透明度,1
垃圾场,1
万康,1
修建,1
正门口,1
现万康,1
现向,1
规化,1
建筑,1
难以想像,1
东村,1
过桥,1
选址,1
处方药,1
抗生素,1
问政,1
卖药,1
牛黄,1
分权,1
愚弄,1
买不到,1
链条,1
震撼,1
民医院,1
生命危险,1
市一,1
案卷,1
缴款,1
逼迫,1
技生,1
交至,1
假案,1
四月份,1
委员会,1
出生日期,1
违规操作,1
签下,1
人民法庭,1
要交,1
村甸乡,1
工资卡,1
需交,1
白芒,1
二人,1
收缴,1
义文胜,1
所收,1
小甲,1
伙食费,1
分赃,1
具备,1
推出,1
村确,1
边远,1
优越,1
公里,1
已有,1
政策优惠,1
匮乏,1
高得,1
所得税,1
税费,1
高新技术,1
占优势,1
我市,1
诗文,1
水电,1
参照,1
环才,1
肝硬化,1
白蛋白,1
难买,1
一为,1
需近,1
IO,1
开此,1
特效药,1
医疗费,1
重病,1
此刻,1
学前班,1
新隆镇,1
郑燕军,1
离家出走,1
心安,1
韶关,1
相知,1
改嫁,1
底层,1
走走,1
报酬,1
应有,1
上不起,1
斑点,1
为名,1
村子,1
不算,1
血清,1
蛇毒,1
毒蛇,1
救治,1
咬伤,1
蛇伤,1
储备,1
医疗系统,1
辗转,1
网络新闻,1
寻找,1
耽搁,1
双头蛇,1
某种,1
王蛇,1
五步蛇,1
固定术,1
体征,1
骨折,1
大腿,1
令人气愤,1
江波,1
太平街,1
地向,1
区后,1
区去,1
院新院,1
区有,1
搬迁,1
新建,1
设施,1
计划,1
刘生文,1
该村,1
石柱,1
持有,1
活动,1
扣封,1
冻肉,1
至今已有,1
查封,1
口头,1
赔偿,1
一批,1
告诉,1
办二,1
怪现象,1
十几家,1
县市,1
真有,1
关闭,1
周边,1
物价部门,1
X光,1
早是,1
卫技,1
执法检查,1
物价飞涨,1
红头文件,1
下发,1
纸质,1
爱之深,1
女同胞,1
第二十一次,1
市州卫,1
有苦,1
复印,1
拆封,1
司法鉴定,1
律师,1
肖忠,1
当肖忠,1
毒鼠强,1
方在,1
癫痫病,1
收治,1
偏袒,1
过激,1
办说,1
云集,1
生是,1
说话算数,1
致电,1
总书记,1
八月,1
专利,1
拜特,1
层次,1
贵州,1
有限公司,1
川芎嗪,1
研究性,1
同一个,1
质量标准,1
完全一致,1
两家,1
年深月久,1
砖瓦房,1
黄雷,1
我鲁,1
永桂常,1
耒四县,1
仟余人,1
总批,1
一千多,1
二十几天,1
我花,1
一千五百多,1
黄性,1
收条,1
跳马,1
一千六百,1
硬要,1
东西,1
十几天,1
包皮,1
前段时间,1
安置费,1
局说,1
这合青,1
十几年,1
房子,1
刘长录,1
豆腐,1
县排,1
连塘坳,1
猪栏,1
里作,1
王建球,1
人管,1
屋前,1
黑作坊,1
山乡,1
卫生条件,1
惨不忍睹,1
屋后,1
堆放,1
飞舞,1
露天,1
苍蝇,1
药特门,1
药贵,1
规格,1
三分之一,1
厂家,1
名称,1
数量,1
至镇,1
至县,1
采石场,1
讨要,1
病体,1
基层干部,1
花销,1
放炮,1
路费,1
复杂化,1
承诺,1
扣除,1
等于,1
为例,1
少之又少,1
眼看,1
只得,1
此举,1
编制,1
合同,1
承包方,1
德群,1
备孕怀,1
叶酸,1
一西,1
起接,1
一手遮天,1
油钱,1
县乡,1
早出晚归,1
十倍,1
四川省,1
老战士,1
血源,1
抗日战争,1
党和国家,1
流泪,1
坪塘,1
罗仁海,1
乡秀岭,1
水村,1
现住,1
立过,1
近快,1
吉林省,1
无孩,1
第三十三条,1
洪才,1
迫切希望,1
此条,1
望西,1
毒打,1
无辜,1
讨价,1
医风,1
袭医,1
邓杰,1
点因,1
未预见到,1
室时,1
利益输送,1
柳毅,1
魏则,1
医政处,1
贵委,1
官官,1
请省,1
彭品义,1
行政处分,1
资料齐全,1
侄女,1
分手,1
两人,1
基层人员,1
现就西,1
极时,1
严加,1
长时间,1
区岚角山,1
航海,1
高血压,1
得知,1
深夜,1
儿女,1
多瓶,1
二十多户,1
万华,1
转市,1
煤机,1
良兵,1
余鸾英,1
王清光,1
肖嗣军,1
谷小成,1
卜时勇,1
廖利安,1
李继会,1
吕小平,1
卜桂兵,1
楚雅二,1
廖海清,1
供述,1
嫌疑人,1
中山医科大学,1
主观臆断,1
鉴定人,1
精神疾病,1
法医鉴定,1
辅助性,1
太强,1
造影术,1
加全,1
脑血管,1
颈动脉,1
计内,1
天壤之别,1
职能部门,1
纳闷,1
元旦,1
白水镇,1
由前,1
先心病,1
危害,1
县药监,1
杂牌,1
以次充好,1
正品,1
几块钱,1
积德,1
健康成长,1
几百,1
流入,1
不务正业,1
寿雁,1
熊志君,1
熊在,1
还寿雁,1
广大职工,1
为人处世,1
人人皆知,1
业务量,1
整日,1
上位,1
合作医疗,1
几十家,1
资金,1
好处,1
目的,1
白大褂,1
推销,1
借机,1
公司,1
小朋友,1
利巴韦,1
西塘,1
皮试,1
上班时间,1
还敢,1
葡萄糖,1
划价,1
注射费,1
可谈,1
美满,1
哈哈哈,1
不意,1
口子,1
慵懒,1
业务学习,1
后勤人员,1
彻查,1
怨声载道,1
职称,1
无能,1
后勤,1
不准,1
参考,1
生存,1
觉重,1
吃了亏,1
一纸空文,1
中南海,1
到哪去,1
莫说,1
政令,1
自个,1
担负,1
名额,1
分红,1
半个,1
中是,1
承诺书,1
立户,1
瑞澜,1
乳房,1
隆胸,1
数起,1
讨回公道,1
破溃,1
六次,1
同济,1
人生,1
碘盐,1
疾病防治,1
食非,1
其病,1
有查,1
意味,1
强制,1
七个,1
退堂鼓,1
有超,1
没人交,1
利节,1
老白姓,1
依法查处,1
血汗钱,1
夸大,1
电视台,1
回龙,1
医辽,1
半死,1
肺部,1
多元,1
小小的,1
好多钱,1
机购,1
以经,1
就害,1
争个,1
长有,1
输氧,1
附一院,1
进院,1
住院治疗,1
一刻,1
离开,1
急事,1
服务台,1
关系户,1
打脸,1
文明城市,1
心急,1
这么久,1
每位,1
抱歉,1
进食,1
转入,1
外婆,1
昂贵,1
神经内科,1
票贩子,1
挂到,1
普通百姓,1
十多个,1
通宵,1
关乎,1
黑社会,1
凶恶,1
勾结,1
总共,1
号们,1
相思,1
老俩口,1
我己,1
悲哉,1
丧偶,1
公布出来,1
新安,1
姓名,1
真验,1
个个,1
资格,1
做产检,1
很快,1
疑问,1
上次,1
前列腺炎,1
后路,1
致使,1
再也,1
现找,1
国营企业,1
回信,1
颁发,1
第一批,1
测体温,1
摸摸头,1
江湖医生,1
吊水,1
神医,1
坐满,1
下班,1
还好,1
生意,1
那雨后,1
敢怒不敢言,1
春笋,1
认领,1
各县市,1
雨后春笋,1
竹林,1
壮观,1
已成,1
看一看,1
一孩上,1
避孕措施,1
选择权,1
犯法,1
非典,1
白衣,1
病是,1
可爱,1
疫情,1
疫点,1
入编,1
疫区,1
回收,1
可潘,1
职工工资,1
收归国有,1
几次,1
大部分,1
清醒,1
空得,1
弄弄,1
附一有,1
以正,1
附一看,1
没床,1
问诊,1
楚雅五,1
网传,1
问此,1
选聘,1
重大项目,1
调配,1
详情,1
开业,1
纳税人,1
万西,1
西药,1
制止,1
卡住,1
恶意中伤,1
多方,1
一会,1
作威作福,1
件物品,1
体察民情,1
村本,1
客套话,1
日理万机,1
微服私访,1
打印机,1
实话实说,1
二套,1
电脑,1
送给,1
字条,1
四川,1
规条,1
多趟,1
我西,1
犯难,1
绩效,1
分三步,1
代理,1
牛奶,1
草民,1
总部,1
无望,1
伊利,1
纯牛奶,1
踢来踢去,1
时才,1
设入,1
时过,1
二十余天,1
王桂龙,1
环都,1
出示,1
递交,1
签名,1
银行帐户,1
曹正科,1
市卫计局,1
万多元,1
望县,1
解释,1
三针,1
穷人家,1
好几遍,1
有偿,1
发票,1
表扬,1
离过婚,1
独生,1
单方,1
旧法,1
新法,1
追责,1
投机倒把,1
本法,1
枪毙,1
失效,1
荒唐,1
法案,1
空白,1
电子注册,1
县卫,1
去卫,1
未予,1
在职,1
破裂,1
开胸,1
介入,1
周亚楠,1
方臻飞,1
九零,1
体弱多病,1
幸福感,1
工薪阶层,1
快成,1
含金量,1
开销,1
疾苦,1
小范,1
女仔,1
打吊针,1
柑子,1
卫生部门,1
受气,1
胸闷,1
一肚子,1
不看,1
一瓶,1
生病,1
发烧,1
冶病,1
真舒要,1
晚班,1
交叉感染,1
病区,1
卫生间,1
共用,1
没关系,1
放进,1
手足,1
过关,1
考生,1
资格考试,1
招录,1
报表,1
留底,1
要雁过,1
留痕,1
大亏,1
少交,1
死板,1
变通,1
偏远,1
不切实际,1
拍照,1
不计其数,1
细则,1
可谓,1
逻辑,1
配送,1
无药,1
常用药,1
尴尬,1
消食片,1
可用,1
遭遇,1
订货单,1
HPV,1
九价,1
市县,1
附三,1
铁证,1
制假,1
截肢,1
胫后,1
踝关节,1
做手术,1
栓塞,1
坐车,1
买房,1
定居,1
不便,1
暂时,1
毕业证,1
学历证明,1
中等职业,1
中专,1
学校,1
张贻瑞,1
用人单位,1
工会,1
职业病,1
设岗,1
防治,1
裁减人员,1
围标,1
以民为本,1
三百多名,1
枉法,1
贪腐,1
公平正义,1
订立,1
劳动者,1
赡养人,1
一千多元,1
脑外伤,1
救助金,1
五保,1
独生子,1
囊肿,1
综合症,1
热线,1
石锅,1
餐馆老板,1
挂线,1
大嘛,1
态度,1
接线,1
刘姓,1
骚扰,1
两万五,1
两儿,1
拖会,1
神不宁,1
基本国策,1
血透,1
医药费,1
但觉,1
度过难关,1
越来越,1
病者,1
病魔,1
越来越低,1
全家,1
环出,1
生肓,1
孑女,1
胎后,1
]钱交,1
]去,1
]上,1
为本,1
p免,1
通用,1
电子,1
院内,1
全市,1
卡给,1
楚雅一,1
一头雾水,1
前女友,1
不行,1
跑断腿,1
判决书,1
嫁人,1
郁闷,1
两口子,1
弟弟,1
彬彬,1
龙凤胎,1
特e,1
脚镇,1
并己,1
吃吃喝喝,1
钱物,1
几件,1
奶等,1
尝过,1
没尝过,1
来查,1
要出,1
假冒伪劣,1
安全局,1
化学品,1
责任人,1
工商部门,1
乳制品,1
食品安全,1
要害,1
人去,1
幸亏,1
谋杀者,1
仁泽,1
领导层,1
私利,1
多名,1
职责,1
合格,1
技术,1
或交,1
可免,1
明白,1
省籍,1
真烦,1
时未,1
怎样才能,1
子口,1
法人,1
城区,1
分身术,1
区上,1
岭桥,1
镇港,1
而港,1
济康,1
村卫室,1
伤风感冒,1
明察秋毫,1
小病,1
鸿达,1
蒋燕,1
金家,1
孙女,1
唐成结,1
家里,1
送到,1
展辉,1
蒋志伟,1
医师法,1
点滴,1
视察,1
处方权,1
计卫委,1
计算机,1
没入,1
组织者,1
国企,1
问张,1
两事,1
一医,1
退者,1
十万左右,1
那么回事,1
换岗,1
存疑,1
违反规定,1
疑虑,1
更新,1
胎动,1
监护,1
血检,1
引产,1
社会保障,1
救济,1
人民法院,1
集体土地,1
特高,1
保销,1
巨亏,1
月院,1
有心无力,1
骗取,1
拿个,1
医疗保险,1
养老金,1
层出不穷,1
目睹,1
人手,1
照顾性,1
照顾,1
陆续,1
预计,1
年检费,1
比村,1
大专,1
糊口,1
愈演愈烈,1
唯独,1
养活,1
死活,1
立足,1
遗失,1
复印件,1
小心,1
胃管,1
胃管断,1
食道,1
右腿,1
流质食物,1
重症,1
白衣天使,1
澹阳,1
遵纪守法,1
此笔,1
年老,1
每人,1
多点,1
陈健,1
开放政策,1
早日,1
想到,1
想生,1
光棍,1
激励,1
刚看,1
内所,1
各一是,1
多生,1
封建思想,1
阅历,1
由省,1
品种,1
期中,1
送货到,1
而村,1
基药款,1
采购员,1
国家补贴,1
抚养权,1
判归,1
任时,1
两任,1
第二任,1
很多很多,1
五六年,1
没带,1
放松,1
年纪,1
不停,1
围观,1
报警,1
谴责,1
警察,1
工号,1
开口,1
避孕环,1
带环,1
保证金,1
快生了,1
市生,1
生完,1
我交,1
街道办,1
非常感激,1
跟我走,1
我想生,1
二而,1
艰辛,1
延迟,1
调研,1
会上,1
制定,1
内享,1
优先权,1
扶贫,1
幼小,1
各项,1
计生局,1
退还,1
我系西,1
舒丽春,1
合血,1
村农民,1
专升本,1
母校,1
学姐,1
一个个,1
准备考,1
芊芊,1
应届生,1
学长,1
医学院校,1
赤脚医生,1
离岗,1
老乡,1
非营利性,1
保健,1
出于无奈,1
这群人,1
纽带,1
走入,1
开除,1
动不东,1
办工,1
做实,1
千上万,1
吃喝玩乐,1
下拨,1
红包,1
公款,1
一色,1
心痛,1
统统,1
畸病,1
竹山,1
王勇,1
发病,1
百白破,1
口路,1
Hib,1
支书,1
温塘,1
赵龙村,1
吴迪永,1
吴礼顺,1
摔坏,1
毒辣,1
扬言,1
耳光,1
非婚生,1
节育手术,1
十二条,1
挂钩,1
省城,1
核磁共振,1
花钱,1
大爷,1
问句,1
致穷,1
这来,1
想代,1
核磁,1
代写,1
下个星期,1
延误,1
播出,1
五花八门,1
深圳,1
吸烟,1
检查室,1
吸烟区,1
男医生,1
二手烟,1
专设,1
县委,1
照样,1
咳嗽,1
墙上,1
术尔泰,1
缴费,1
骨科医生,1
缝针,1
伤好,1
海服康,1
陈医生,1
新闻,1
心存疑惑,1
面试,1
事业,1
年县,1
请县,1
要个,1
合法利益,1
换届,1
顶风,1
反腐,1
和县,1
晓得,1
异地,1
居住,1
全省,1
少外,1
安度晚年,1
深深感到,1
买药,1
虽能,1
美中不足,1
常事,1
年节,1
形同虚设,1
关爱,1
打人,1
五楼,1
综合楼,1
城市形象,1
事件,1
蛀虫,1
按理说,1
一打,1
频发,1
无形中,1
纵容,1
可恶,1
争执,1
起诉,1
二户,1
没钱交,1
整冶下,1
从何,1
西河,1
从何而来,1
强盗,1
陈雪兵,1
未孕,1
档案,1
红镇,1
千山,1
徐州人,1
江苏,1
实属无奈,1
措实,1
要治,1
F在,1
没货,1
一口同声,1
尤都,1
基药外,1
办实事,1
认真执行,1
四十多年,1
一合,1
办到,1
口口声声,1
膏药,1
胎盘,1
坑爹,1
地矿,1
私吞,1
索回,1
嫂子,1
自行处理,1
有悖,1
穷追不舍,1
套路,1
捐献,1
彭市,1
女子,1
八十多,1
抗癌药,1
涨成,1
别嘌醇,1
一涨,1
再涨,1
堪比,1
五十多,1
价廉,1
痛风,1
尿酸,1
真不知道,1
卷土重来,1
怎能,1
塘镇,1
羊角,1
更贵,1
增加,1
舍近求远,1
东北边,1
一方平安,1
天西,1
个省,1
要生,1
能休,1
急呀,1
分娩,1
悬壶济世,1
新圩,1
偏离正轨,1
背道,1
鼓励性,1
提高效益,1
每名,1
大政方针,1
医疗器械,1
态度强硬,1
搭售,1
坑蒙,1
下收,1
货到,1
两千元,1
订金,1
狡辩,1
骨科,1
明目张胆,1
送货,1
费解,1
苗医,1
卡片,1
算下来,1
疗程,1
爸爸妈妈,1
好心,1
四千块,1
杨向英,1
掌纹,1
药末,1
粉粉,1
冲水,1
家后,1
长痘痘,1
东方,1
何在,1
医监办,1
殴打,1
迫使,1
闻悉,1
脱岗,1
市政府办,1
重组,1
均系,1
群体,1
医政科,1
人姓,1
经视,1
办好,1
拖延,1
曾多次,1
采访,1
记者,1
上有老,1
尤以市,1
医治无效,1
塌实,1
听不进,1
工作服,1
人身安全,1
妻儿,1
欠佳,1
侵害,1
专家组,1
肺水肿,1
意见,1
估计不足,1
公正,1
乡有,1
收上来,1
受罚,1
一视同仁,1
两万,1
本组,1
石马,1
侵权,1
弱势,1
依法办理,1
公报私仇,1
知法,1
家里人,1
投诉无门,1
贴子,1
外扬,1
网管,1
家羞,1
给湾井镇,1
页面,1
视而不见,1
作主,1
脑梗死,1
户有,1
绝育,1
二女,1
行动不便,1
自理,1
翻江,1
绝种,1
能不能够,1
木瓜,1
中草药,1
救护,1
之名,1
贡献,1
面临,1
中层干部,1
口腔科,1
空降,1
公开,1
节育环,1
取环术,1
服务站,1
嵌顿,1
上节育环,1
超声,1
纯收入,1
某村,1
计征,1
结婚登记,1
有点烦,1
医考,1
定得,1
考些,1
留过学,1
全加,1
研究型,1
考试内容,1
东西部,1
建筑工地,1
盼望着,1
动静,1
不见,1
一百多元,1
开姓,1
人分,1
三六九等,1
大度,1
一分钱,1
连接,1
机关,1
肾脏,1
王芳仁,1
日因,1
取石,1
无尿,1
闻此,1
换管,1
官媒,1
人财两空,1
找钟,1
同件,1
过张,1
忙音,1
挂掉,1
弄清楚,1
只想,1
有事,1
市兽,1
牧局,1
兽牧站,1
邵海益,1
四五岁,1
真相,1
掩盖,1
站长,1
真空,1
法律依据,1
王道,1
不清,1
了结,1
台湾,1
大陆,1
台湾人,1
怀有,1
金沙湾,1
业主,1
宁永,1
履行,1
公示栏,1
试营,1
住建,1
试营业,1
认可,1
期刊目录,1
停刊,1
杂志,1
假冒,1
期刊,1
职改办,1
卫健委,1
军医,1
评审,1
论文,1
入学,1
积分,1
家人,1
罚款单,1
女于,1
因需,1
罚个,1
交差,1
几千几百,1
那罚,1
求个,1
这钱罚,1
能炸,1
挤油,1
富二带,1
当管,1
依法办事,1
马桥镇,1
镇政府,1
脱钩,1
村委会,1
无养费,1
万黑,1
更多镇,1
户证,1
内外勾结,1
先交,1
工资待遇,1
离退休,1
黑龙江省,1
卫计,1
回应,1
婚假,1
黄国喜,1
奶粉,1
幼儿园,1
宋贻鹏,1
孙杰,1
漳江镇,1
丈母娘,1
吃药,1
五万,1
医学会,1
损害,1
鉴定费,1
诊断书,1
书面通知,1
科主任,1
其店,1
审方,1
官路,1
县局,1
秉公处理,1
机制,1
县绿,1
报账,1
药水,1
搞好,1
咳得,1
传染,1
利害,1
天河镇,1
时写,1
那床,1
回时,1
肺结核病,1
打工仔,1
傻眼,1
停车场,1
停车,1
不许,1
体验,1
孕妈们,1
新手,1
准妈妈,1
舒适,1
繁多,1
背景,1
过程,1
用品,1
饭店,1
鉴别能力,1
经用,1
加大,1
选择,1
不能自己,1
采药,1
待客,1
自给自足,1
应酬,1
硬件,1
局限,1
股级,1
设付,1
政政,1
级别,1
干扰,1
近日,1
新生,1
保健法,1
侵犯,1
陈主,1
我代,1
理时,1
我佳儿,1
才准,1
仲裁,1
上有老下有小,1
未能,1
辛苦工作,1
指挥,1
职防院,1
盒饭,1
施术,1
办证,1
介绍信,1
批准,1
无需,1
落地,1
简政放权,1
他院,1
眼科医院,1
爱尔,1
妻交,1
潘路生,1
袁秋玉,1
水做,1
已花,1
借万来,1
我现,1
喊天,1
天不应,1
杨炼,1
熊明,1
银城,1
责任者,1
逝者,1
惩处,1
阳阴,1
两隔,1
告慰,1
屠夫,1
微信,1
支付宝,1
支付,1
接入,1
望院,1
银联,1
现金支付,1
智慧,1
单一,1
培训,1
献言,1
二千元,1
带薪休假,1
而市,1
不细,1
使人,1
三到,1
拔罐,1
刮痧,1
梅花针,1
虚高,1
刺络,1
省能,1
甚者,1
负压,1
三棱,1
放血,1
牟取暴利,1
精油,1
空子,1
养生,1
治愈,1
旗号,1
鼓吹,1
归前,1
在职人员,1
副职,1
注射用,1
倍特,1
成都,1
救命钱,1
数千万元,1
哌拉,1
瑞阳,1
苯唑,1
挂网,1
使本,1
二叶,1
堂而皇之,1
捉襟见肘,1
几十倍,1
同类产品,1
周何,1
抢救室,1
中医医院,1
寒颤,1
面谈,1
教师,1
张丽华,1
打激,1
方开,1
只生,1
类人,1
说心里话,1
心理,1
变化,1
鲤溪,1
忽悠,1
安排,1
有意,1
过院,1
中饭,1
心电图,1
百个,1
照常,1
空腹,1
方便群众,1
五针,1
狂犬,1
咬一口,1
此项工作,1
价高,1
家畜,1
打个,1
放到,1
体重,1
后人,1
垄断,1
一师,1
东塘,1
地基,1
剩余,1
组雷庆,1
堂客,1
周某,1
明达,1
广兴,1
徐院长,1
妇保,1
不认帐,1
说生,1
考勤记录,1
组带,1
违返,1
做假,1
子门桥,1
采取任何,1
伸冤,1
弱势群体,1
断送,1
转发,1
报案,1
两岁,1
内何,1
拒开,1
怎办,1
何为,1
男朋友,1
才户,1
到户,1
女友,1
这笔,1
拿准,1
我于,1
二孩算,1
血友病,1
局里,1
开支,1
财务室,1
县农,1
点多,1
肠道,1
呕吐,1
外科医生,1
肚子疼,1
灌肠,1
责任心,1
从贵市,1
贵市,1
祝您,1
面粉厂,1
堂兄,1
身体健康,1
具体情况,1
顺利,1
老包,1
提些,1
问责,1
勇当,1
建全,1
明确责任,1
老好人,1
激励机制,1
留住,1
严肃,1
差距,1
二十周岁,1
县井坡,1
二十二岁,1
同龄人,1
通行证,1
二十二,1
国库,1
五千,1
美英,1
四方,1
威协,1
体温,1
烂仔,1
肖讨泽,1
王爱莲,1
肖世全,1
自力,1
轻度,1
事发,1
担保,1
偿还,1
中扣,1
赔偿款,1
有法不依,1
挂证,1
证在,1
最严,1
药监,1
安全监管,1
药师,1
关键环节,1
抓好,1
配备,1
饮食,1
一道,1
四个,1
房间,1
序号,1
预约,1
候诊,1
李新国,1
导诊,1
台问,1
告之请,1
下半年,1
去世,1
因故,1
爱民,1
赶上,1
阳光,1
更大,1
损失,1
镇上,1
打算,1
领养,1
紧在,1
卫生机构,1
给予同情,1
向市,1
拖拖拉拉,1
发证,1
帮帮忙,1
拜托,1
培训班,1
儿科医生,1
及州,1
这莫难,1
这小,1
杨医生,1
运转,1
软件,1
农村卫生,1
插旗,1
同感,1
误事,1
最底层,1
信息系统,1
理睬,1
无论如何,1
预防针,1
从来不,1
一类,1
免费打,1
民脂民膏,1
重点,1
三联,1
血泪,1
油水,1
逍遥,1
惩罚,1
错误,1
卫健委能,1
开除公职,1
老龄化,1
录用,1
触犯,1
在经济上,1
丙肝,1
丙型肝炎,1
楚雅去,1
复发率,1
盲区,1
治愈率,1
因公,1
市级,1
输血,1
一分,1
证据,1
申办,1
前提条件,1
口腔,1
规划,1
萝卜,1
安生,1
五官科,1
代号,1
吕颖麟,1
体检中心,1
本科生,1
隐形,1
硫酸铜,1
高浓度,1
拉鱼,1
使鱼,1
铜属,1
高残留,1
无残留,1
鱼药,1
畜牧局,1
泼洒,1
一个样,1
重金属,1
鱼塘,1
力不从心,1
门店,1
渔民,1
分泌物,1
知晓,1
残留,1
水产,1
第四十二条,1
第二项,1
人均收入,1
第一款,1
证实,1
四千,1
只罚,1
同村,1
八千,1
三千,1
三个,1
骗保,1
妇科医院,1
高价药,1
治好病,1
虚开,1
南雅,1
上拉,1
两千多元,1
行为表现,1
各位朋友,1
一半,1
版本,1
启动,1
硫酸镁,1
第四,1
礼拜一,1
停靠在,1
车主,1
这两台,1
罗姓,1
车是,1
警报器,1
讳莫如深,1
两车,1
这家,1
都验,1
丽人,1
每一项,1
一堆,1
无关,1
此致敬礼,1
局医政处,1
唐文军,1
李和云,1
特扶,1
喻花,1
失独者,1
政纪,1
党纪,1
三仟元,1
崇阳,1
此人,1
观村,1
一窍不通,1
行政村,1
担任,1
肖昌顺,1
行攻,1
四气,1
医人,1
试液,1
息肉,1
摘除,1
做肠,1
镜检查,1
肠镜,1
有肠内,1
活检,1
癌症,1
管状腺瘤,1
三十分,1
草菅人命,1
内一科,1
永安镇,1
扶贫户,1
刘淼,1
接受,1
病有所医,1
镇乡,1
珠山,1
石岩头,1
受到重视,1
广大群众,1
黄沙,1
一有,1
地理位置,1
医闹,1
一忍再忍,1
意识,1
产一科,1
陈秋玲,1
该业,1
生小孩,1
恶感,1
服务态度,1
阵痛,1
误导,1
医调,1
邹辉,1
诊治,1
姚琼,1
差错,1
人流,1
妊娠,1
委托,1
现场,1
这起,1
内出血,1
当天,1
田庄,1
反回,1
村舒,1
拿药,1
开玩笑,1
就评,1
老婆大人,1
勤俭持家,1
停止,1
辅食,1
月龄,1
去过,1
专用,1
两次,1
太死,1
先进个人,1
外科,1
评为,1
生怕,1
镇郊溪村,1
陈国凤,1
有近,1
李晓芸,1
由村,1
李发树,1
开据,1
及村,1
路途遥远,1
女婴,1
主刀,1
家父,1
倾家荡产,1
余万元,1
撒手人寰,1
之下,1
以慰,1
自治法,1
征地,1
上有政策,1
空文,1
下有对策,1
例子,1
双保险,1
清单,1
欠费,1
自负,1
不理,1
护理费,1
左尺,1
天而,1
放疗,1
办点,1
南部,1
实事,1
市委,1
设立,1
湖北,1
转后,1
优厚,1
邻近,1
老百生,1
清查,1
分流,1
水平,1
八宝,1
字用,1
女主,1
覆盖住,1
心虚,1
白纸,1
照常营业,1
超范围,1
区嘉雯,1
实查,1
资格证书,1
牙科,1
属实,1
擅自,1
没拿到,1
批下来,1
二十五日,1
交到,1
一个多月,1
九月,1
预苗,1
区南,1
津渡,1
一针,1
龙莲,1
张飞,1
摊主,1
电子称,1
百花,1
复称,1
我面,1
鬼称,1
没良心,1
补足,1
小菜,1
键盘,1
农贸市场,1
附件,1
高级,1
无正,1
人社,1
比例,1
请西,1
党的政策,1
快点,1
本子,1
开院,1
完后,1
告到,1
开药方,1
一部分,1
皮肤科,1
一通,1
白交,1
头胎,1
设置障碍,1
津贴,1
出钱,1
冷水,1
不详,1
一个一岁,1
鲤溪镇,1
洞村,1
婚迁,1
民政局,1
已婚,1
改为,1
你局,1
消毒,1
请教,1
通知,1
向村,1
取过,1
性质,1
乱罚款,1
兄弟姐妹,1
终生,1
同母异父,1
登出,1
同父异母,1
zhengfu,1
无人过问,1
期盼,1
权大,1
王承,1
余家,1
源乡,1
石窝村,1
岭头,1
多万,1
大楼,1
债务,1
彩超,1
县桃川,1
王念文,1
桃川,1
CR,1
收入,1
我生,1
十三条,1
汉族,1
江西,1
现状,1
矛盾,1
机率,1
高高在上,1
一个班,1
省政府,1
保健品,1
洗脑,1
骗子,1
生活馆,1
托儿,1
借送,1
小便宜,1
市工商局,1
严厉查处,1
公交站,1
免费送,1
哄骗,1
小东西,1
伤不起,1
说理,1
不明不白,1
不好过,1
时至今日,1
只不过,1
十几号,1
GSP,1
公示,1
余田镇,1
泥水工,1
相市,1
变买,1
亲们,1
倍育,1
解诀,1
做人流,1
花去,1
直肠,1
变卖,1
户政,1
省二孩,1
江垭,1
现想,1
获知,1
单亲,1
时留,1
应由其,1
纹印,1
单亲家庭,1
采录,1
身份证件,1
加盖,1
医疗保健,1
生第个,1
交法款,1
很奈,1
四岁,1
县官,1
扣留,1
真想,1
一刀,1
看不到,1
查孕查,1
广州,1
广州市,1
蓝色,1
迁出,1
带齐,1
季度,1
产前检查,1
退单,1
颗粒,1
氨苄西林,1
石头,1
只多不少,1
硬脂,1
氧氟沙星,1
九三年,1
为生,1
不易,1
少数民族,1
症状,1
江宜,1
脑损伤,1
复查,1
探望,1
李兵国,1
毛茅,1
大出血,1
失责,1
米成,1
尽到,1
妥善处理,1
凤翔,1
谋取私利,1
成六凤,1
身份证号,1
一亩,1
催交,1
后果自负,1
区石,1
岩头,1
要罚,1
九干,1
书送,1
天不交,1
收费员,1
不站,1
交不交,1
挪着,1
当误,1
九点半,1
交费,1
上千人,1
搭车,1
假文凭,1
接班,1
未入,1
一件,1
查对,1
谁给了,1
恶劣行径,1
单据,1
三楼,1
善于,1
国家计划,1
脊椎,1
人来,1
居住地,1
调来,1
辖区,1
一俩,1
谨谢,1
三四百,1
不乐意,1
多则,1
过渡期,1
几万元,1
内生,1
交纳,1
特办,1
特事,1
延用,1
斗笠,1
门诊部,1
米处,1
医学影像,1
脑电及,1
恒福,1
记录本,1
破伤风,1
狂犬病,1
流感疫苗,1
成年人,1
病毒,1
各类,1
张玲,1
血液科,1
二十七岁,1
会得,1
发动群众,1
恶果,1
弱者,1
报应,1
高危,1
急需,1
炒作,1
利用,1
诈些,1
公仆,1
给钱,1
经历,1
会议,1
指示,1
只会,1
多人,1
托运费,1
屡教不改,1
按人,1
发是,1
发公卫,1
在院,1
想发,1
廖局,1
市来,1
劳务费,1
应得,1
可办,1
取药,1
布置,1
半天,1
改变,1
糖尿病,1
照价,1
肠溶片,1
柏家,1
二甲,1
收钱,1
盐酸,1
报告,1
浙江,1
砂子,1
需乡,1
指示牌,1
渡口,1
自觉,1
之内,1
好好,1
空气,1
流通,1
担心,1
国家中医药管理局,1
百忙中,1
公共服务,1
倾斜,1
财政部,1
化验,1
栓剂,1
化验单,1
生殖道,1
日期,1
自带,1
块钱,1
难受,1
好事,1
利润率,1
白条,1
谋些,1
请卫,1
漫天要价,1
地贫,1
该病,1
大病,1
移植,1
贫血,1
绝望,1
地中海,1
五十万元,1
再障,1
于心何忍,1
全部开,1
检查单,1
认钱,1
认病,1
药有,1
商送,1
回扣,1
高薪,1
信封,1
月光,1
街道社区,1
比较忙,1
证往,1
台往,1
问省,1
卫计卫,1
节省时间,1
几十分钟,1
忍气吞声,1
生效,1
立法法,1
及力,1
全打,1
晚孕,1
挺个,1
往死,1
大肚子,1
三十岁,1
流过,1
井头,1
下班时间,1
品德,1
素质,1
影响,1
家庭医生,1
签约,1
一签,1
难搞,1
一户,1
购药,1
三元,1
服药,1
售价,1
家中,1
差别,1
监管,1
一种,1
后遗症,1
四风,1
享乐主义,1
奢靡,1
群众反映,1
官僚主义,1
形式主义,1
之风,1
巷议,1
重实效,1
安于现状,1
贪图安逸,1
上行下效,1
地查,1
铺张浪费,1
执法人员,1
口镇,1
河西,1
游港村,1
李仲,1
自筹,1
管理模式,1
自谋生路,1
帐表,1
资为,1
干公卫,1
走村串户,1
村医有,1
生蛋,1
淫威,1
办公用品,1
随访,1
公函,1
宽容,1
可生,1
一票否决,1
上,1
斡H,1
,1
F需,1
但,1
生k,1
P款,1
o予,1
r村,1
艏,1
oI,1
父H,1
,1
相P,1
不交P,1
生,1
鸭子,1
坍塌,1
缺口,1
港乡,1
因是,1
公卫楼,1
院址,1
在建设中,1
托管,1
药商,1
药学,1
大处方,1
药价,1
利润,1
药事,1
链球菌,1
孕期,1
手册,1
渠道,1
或致,1
二致,1
红头,1
来源,1
利益驱动,1
外线,1
历年来,1
联手,1
压迫,1
招郎,1
脑瘫,1
生子,1
大哥,1
尚未,1
兄弟,1
停发,1
抵扣,1
权益日,1
媒体,1
线下,1
药品监督管理局,1
多长,1
到来,1
周期,1
鸽子,1
喂养,1
禽流感,1
家属区,1
后怕,1
采取行动,1
政府部门,1
几家,1
血型,1
刚查,1
两三千,1
理所当然,1
可笑,1
